<?xml version='1.0' encoding='UTF-8'?>
<com.cloudbees.plugins.credentials.SystemCredentialsProvider plugin="credentials@1.23">
  <domainCredentialsMap class="hudson.util.CopyOnWriteMap$Hash">
    <entry>
      <com.cloudbees.plugins.credentials.domains.Domain>
        <specifications/>
      </com.cloudbees.plugins.credentials.domains.Domain>
      <java.util.concurrent.CopyOnWriteArrayList>
        <com.cloudbees.plugins.credentials.impl.UsernamePasswordCredentialsImpl>
          <scope>GLOBAL</scope>
          <id>e6d0ef43-714e-4ae1-8b9c-8f82302c044f</id>
          <description>jenkins</description>
          <username>jenkins</username>
          <password>UJuTW+0nQPoE3SeWdrKredKKdMjGoKwJUoKZb1szRV8=</password>
        </com.cloudbees.plugins.credentials.impl.UsernamePasswordCredentialsImpl>
        <org.jenkinsci.plugins.plaincredentials.impl.StringCredentialsImpl plugin="plain-credentials@1.1">
          <scope>GLOBAL</scope>
          <id>dc9ca099-424c-402b-873c-f7f402d7a44d</id>
          <description>Jenkins GitHub Token</description>
          <secret>mD91yp5qV1pEZERENAo4CetuNveZ+hCwqzC6TizFfk6e45oUfcdwF9zkgYRCzYKDYYs1sSLlx2IWBQth4gcgBg==</secret>
        </org.jenkinsci.plugins.plaincredentials.impl.StringCredentialsImpl>
        <com.cloudbees.plugins.credentials.impl.UsernamePasswordCredentialsImpl>
          <scope>GLOBAL</scope>
          <id>92e68441-821f-4b35-ad95-76251ccb0ac9</id>
          <description>Whren GitHub Account</description>
          <username>whren@free.fr</username>
          <password>ugRG1OR/hR1b4A60q0v2btKKdMjGoKwJUoKZb1szRV8=</password>
        </com.cloudbees.plugins.credentials.impl.UsernamePasswordCredentialsImpl>
      </java.util.concurrent.CopyOnWriteArrayList>
    </entry>
    <entry>
      <com.cloudbees.plugins.credentials.domains.Domain>
        <name>api.github.com</name>
        <description>GitHub domain (autogenerated)</description>
        <specifications>
          <com.cloudbees.plugins.credentials.domains.SchemeSpecification>
            <schemes class="linked-hash-set">
              <string>https</string>
            </schemes>
          </com.cloudbees.plugins.credentials.domains.SchemeSpecification>
          <com.cloudbees.plugins.credentials.domains.HostnameSpecification>
            <includes>api.github.com</includes>
          </com.cloudbees.plugins.credentials.domains.HostnameSpecification>
        </specifications>
      </com.cloudbees.plugins.credentials.domains.Domain>
      <list>
        <org.jenkinsci.plugins.plaincredentials.impl.StringCredentialsImpl plugin="plain-credentials@1.1">
          <scope>GLOBAL</scope>
          <id>9dbde9f8-cc64-4d6a-8890-e2296f9ad606</id>
          <description>GitHub (https://api.github.com) auto generated token credentials for whren@free.fr</description>
          <secret>Q8xYIa7Y8STgLZE8UAMHUQHAKyCn/M04/yeZqW/ZoaWMqdEcpMPfOocMUsUkFLM9YYs1sSLlx2IWBQth4gcgBg==</secret>
        </org.jenkinsci.plugins.plaincredentials.impl.StringCredentialsImpl>
      </list>
    </entry>
  </domainCredentialsMap>
</com.cloudbees.plugins.credentials.SystemCredentialsProvider>